{"v":"5.5.5","fr":60,"ip":0,"op":360,"w":756,"h":756,"nm":"加载环","ddd":0,"assets":[{"id":"image_0","w":544,"h":590,"u":"images/","p":"img_0.png","e":0},{"id":"image_1","w":606,"h":528,"u":"images/","p":"img_1.png","e":0},{"id":"image_2","w":650,"h":650,"u":"images/","p":"img_2.png","e":0},{"id":"image_3","w":650,"h":710,"u":"images/","p":"img_3.png","e":0},{"id":"image_4","w":710,"h":650,"u":"images/","p":"img_4.png","e":0},{"id":"image_5","w":544,"h":590,"u":"images/","p":"img_5.png","e":0},{"id":"image_6","w":606,"h":528,"u":"images/","p":"img_6.png","e":0},{"id":"image_7","w":650,"h":650,"u":"images/","p":"img_7.png","e":0},{"id":"image_8","w":650,"h":710,"u":"images/","p":"img_8.png","e":0},{"id":"image_9","w":710,"h":650,"u":"images/","p":"img_9.png","e":0},{"id":"comp_0","layers":[{"ddd":0,"ind":1,"ty":2,"nm":"1","refId":"image_0","sr":1,"ks":{"o":{"a":0,"k":100,"ix":11},"r":{"a":1,"k":[{"i":{"x":[0.667],"y":[1]},"o":{"x":[0.333],"y":[0]},"t":0,"s":[0]},{"t":360,"s":[360]}],"ix":10},"p":{"a":0,"k":[540,691,0],"ix":2},"a":{"a":0,"k":[272,295,0],"ix":1},"s":{"a":0,"k":[100,100,100],"ix":6}},"ao":0,"ip":0,"op":1800,"st":0,"bm":0},{"ddd":0,"ind":2,"ty":2,"nm":"2","refId":"image_1","sr":1,"ks":{"o":{"a":0,"k":100,"ix":11},"r":{"a":1,"k":[{"i":{"x":[0.667],"y":[1]},"o":{"x":[0.333],"y":[0]},"t":0,"s":[0]},{"i":{"x":[0.833],"y":[1]},"o":{"x":[0.333],"y":[0]},"t":180,"s":[360]},{"t":360,"s":[720]}],"ix":10},"p":{"a":0,"k":[540,691,0],"ix":2},"a":{"a":0,"k":[303,264,0],"ix":1},"s":{"a":0,"k":[100,100,100],"ix":6}},"ao":0,"ip":0,"op":1800,"st":0,"bm":0},{"ddd":0,"ind":3,"ty":2,"nm":"3","refId":"image_2","sr":1,"ks":{"o":{"a":0,"k":100,"ix":11},"r":{"a":1,"k":[{"i":{"x":[0.667],"y":[1]},"o":{"x":[0.333],"y":[0]},"t":0,"s":[0]},{"t":360,"s":[360]}],"ix":10},"p":{"a":0,"k":[540,691,0],"ix":2},"a":{"a":0,"k":[325,325,0],"ix":1},"s":{"a":0,"k":[100,100,100],"ix":6}},"ao":0,"ip":0,"op":1800,"st":0,"bm":0},{"ddd":0,"ind":4,"ty":2,"nm":"4","refId":"image_3","sr":1,"ks":{"o":{"a":0,"k":100,"ix":11},"r":{"a":1,"k":[{"i":{"x":[0.667],"y":[1]},"o":{"x":[0.333],"y":[0]},"t":0,"s":[0]},{"i":{"x":[0.833],"y":[1]},"o":{"x":[0.333],"y":[0]},"t":180,"s":[360]},{"t":360,"s":[720]}],"ix":10},"p":{"a":0,"k":[540,691,0],"ix":2},"a":{"a":0,"k":[325,355,0],"ix":1},"s":{"a":0,"k":[100,100,100],"ix":6}},"ao":0,"ip":0,"op":1800,"st":0,"bm":0},{"ddd":0,"ind":5,"ty":2,"nm":"5","refId":"image_4","sr":1,"ks":{"o":{"a":0,"k":100,"ix":11},"r":{"a":1,"k":[{"i":{"x":[0.667],"y":[1]},"o":{"x":[0.333],"y":[0]},"t":0,"s":[0]},{"t":360,"s":[360]}],"ix":10},"p":{"a":0,"k":[540,691,0],"ix":2},"a":{"a":0,"k":[355,325,0],"ix":1},"s":{"a":0,"k":[100,100,100],"ix":6}},"ao":0,"ip":0,"op":1800,"st":0,"bm":0}]},{"id":"comp_1","layers":[{"ddd":0,"ind":1,"ty":2,"nm":"a","refId":"image_5","sr":1,"ks":{"o":{"a":0,"k":100,"ix":11},"r":{"a":1,"k":[{"i":{"x":[0.667],"y":[1]},"o":{"x":[0.333],"y":[0]},"t":0,"s":[0]},{"t":360,"s":[360]}],"ix":10},"p":{"a":0,"k":[540,691,0],"ix":2},"a":{"a":0,"k":[272,295,0],"ix":1},"s":{"a":0,"k":[100,100,100],"ix":6}},"ao":0,"ip":0,"op":1800,"st":0,"bm":0},{"ddd":0,"ind":2,"ty":2,"nm":"b","refId":"image_6","sr":1,"ks":{"o":{"a":0,"k":100,"ix":11},"r":{"a":1,"k":[{"i":{"x":[0.667],"y":[1]},"o":{"x":[0.333],"y":[0]},"t":0,"s":[0]},{"i":{"x":[0.833],"y":[1]},"o":{"x":[0.333],"y":[0]},"t":180,"s":[360]},{"t":360,"s":[720]}],"ix":10},"p":{"a":0,"k":[540,691,0],"ix":2},"a":{"a":0,"k":[303,264,0],"ix":1},"s":{"a":0,"k":[100,100,100],"ix":6}},"ao":0,"ip":0,"op":1800,"st":0,"bm":0},{"ddd":0,"ind":3,"ty":2,"nm":"c","refId":"image_7","sr":1,"ks":{"o":{"a":0,"k":100,"ix":11},"r":{"a":1,"k":[{"i":{"x":[0.667],"y":[1]},"o":{"x":[0.333],"y":[0]},"t":0,"s":[0]},{"t":360,"s":[360]}],"ix":10},"p":{"a":0,"k":[540,691,0],"ix":2},"a":{"a":0,"k":[325,325,0],"ix":1},"s":{"a":0,"k":[100,100,100],"ix":6}},"ao":0,"ip":0,"op":1800,"st":0,"bm":0},{"ddd":0,"ind":4,"ty":2,"nm":"e","refId":"image_8","sr":1,"ks":{"o":{"a":0,"k":100,"ix":11},"r":{"a":1,"k":[{"i":{"x":[0.667],"y":[1]},"o":{"x":[0.333],"y":[0]},"t":0,"s":[0]},{"i":{"x":[0.833],"y":[1]},"o":{"x":[0.333],"y":[0]},"t":180,"s":[360]},{"t":360,"s":[720]}],"ix":10},"p":{"a":0,"k":[540,691,0],"ix":2},"a":{"a":0,"k":[325,355,0],"ix":1},"s":{"a":0,"k":[100,100,100],"ix":6}},"ao":0,"ip":0,"op":1800,"st":0,"bm":0},{"ddd":0,"ind":5,"ty":2,"nm":"f","refId":"image_9","sr":1,"ks":{"o":{"a":0,"k":100,"ix":11},"r":{"a":1,"k":[{"i":{"x":[0.667],"y":[1]},"o":{"x":[0.333],"y":[0]},"t":0,"s":[0]},{"t":360,"s":[360]}],"ix":10},"p":{"a":0,"k":[540,691,0],"ix":2},"a":{"a":0,"k":[355,325,0],"ix":1},"s":{"a":0,"k":[100,100,100],"ix":6}},"ao":0,"ip":0,"op":1800,"st":0,"bm":0}]}],"layers":[{"ddd":0,"ind":2,"ty":0,"nm":"紫","refId":"comp_0","sr":1,"ks":{"o":{"a":1,"k":[{"i":{"x":[0.667],"y":[1]},"o":{"x":[0.333],"y":[0]},"t":0,"s":[0]},{"i":{"x":[0.667],"y":[1]},"o":{"x":[0.333],"y":[0]},"t":180,"s":[100]},{"t":360,"s":[0]}],"ix":11},"r":{"a":0,"k":0,"ix":10},"p":{"a":0,"k":[378,856.875,0],"ix":2},"a":{"a":0,"k":[540,1170,0],"ix":1},"s":{"a":0,"k":[100,100,100],"ix":6}},"ao":0,"w":1080,"h":2340,"ip":0,"op":1800,"st":0,"bm":0},{"ddd":0,"ind":3,"ty":0,"nm":"蓝","refId":"comp_1","sr":1,"ks":{"o":{"a":1,"k":[{"i":{"x":[0.667],"y":[1]},"o":{"x":[0.333],"y":[0]},"t":0,"s":[100]},{"i":{"x":[0.667],"y":[1]},"o":{"x":[0.333],"y":[0]},"t":180,"s":[0]},{"t":360,"s":[100]}],"ix":11},"r":{"a":0,"k":0,"ix":10},"p":{"a":0,"k":[378,377.875,0],"ix":2},"a":{"a":0,"k":[540,691,0],"ix":1},"s":{"a":0,"k":[100,100,100],"ix":6}},"ao":0,"w":1080,"h":2340,"ip":0,"op":1800,"st":0,"bm":0}],"markers":[]}